"clade"	"gene"	"site"	"alt"
"1I"	"E"	461	"V"
"1I"	"E"	484	"L"
"1I"	"M"	122	"R"
			
"1II"	"E"	345	"A"
"1II"	"E"	432	"M"
			
"1III"	"E"	297	"V"
"1III"	"M"	118	"R"
			
"1IV"	"E"	339	"S"
"1IV"	"M"	72	"E"
			
"1V"	"NS1"	324	"R"
"1V"	"NS2A"	142	"P"
"1V"	"NS3"	185	"K"
"1V"	"NS5"	834	"E"
			
"1VI"	"NS3"	250	"T"
"1VI"	"NS4B"	22	"D"
			
"1I.C"	"clade"	"1I"	
"1I.C"	"E"	171	"T"
"1I.C"	"NS5"	565	"K"
			
"1III.A"	"clade"	"1III"	
"1III.A"	"E"	337	"I"
"1III.A"	"NS1"	162	"V"
"1III.A"	"NS2A"	168	"M"
			
"1I.B"	"clade"	"1I"	
"1I.B"	"E"	83	"M"
"1I.B"	"NS2A"	159	"L"
"1I.B"	"NS2B"	13	"V"
"1I.B"	"NS5"	27	"I"
"1I.B"	"NS5"	52	"R"
"1I.B"	"NS5"	435	"Q"
"1I.B"	"NS5"	436	"K"
"1I.B"	"NS5"	629	"L"
"1I.B"	"NS5"	860	"S"
"1I.B"	"NS5"	892	"G"
			
"1V.A"	"clade"	"1V"	
"1V.A"	"NS2A"	158	"S"
"1V.A"	"NS5"	30	"K"
			
"1V.B"	"clade"	"1V"	
"1V.B"	"C"	100	"K"
"1V.B"	"E"	88	"S"
"1V.B"	"E"	442	"A"
"1V.B"	"M"	136	"T"
"1V.B"	"NS4B"	23	"Q"
			
"1V.C"	"clade"	"1V"	
"1V.C"	"NS1"	146	"E"
"1V.C"	"NS2A"	67	"K"
			
"1I.A"	"clade"	"1I"	
"1I.A"	"E"	225	"T"
"1I.A"	"E"	397	"T"
"1I.A"	"NS5"	34	"I"
"1I.A"	"NS5"	513	"R"
			
"1V.T"	"clade"	"1V"	
"1V.T"	"NS1"	227	"R"
"1V.T"	"NS2A"	28	"N"
"1V.T"	"NS4B"	18	"A"
"1V.T"	"NS5"	784	"I"
			
"1V.J"	"clade"	"1V"	
"1V.J"	"E"	439	"I"
"1V.J"	"NS1"	246	"V"
"1V.J"	"NS3"	91	"M"
"1V.J"	"NS5"	370	"I"
"1V.J"	"NS5"	426	"Q"
"1V.J"	"NS5"	626	"E"
			
"1V.G"	"clade"	"1V"	
"1V.G"	"M"	29	"V"
"1V.G"	"NS1"	242	"V"
"1V.G"	"pr"	29	"V"
"1V.G"	"NS2A"	171	"T"
			
"1V.Q"	"clade"	"1V"	
"1V.Q"	"NS2B"	33	"V"
"1V.Q"	"NS2B"	102	"A"
"1V.Q"	"NS4A"	97	"T"
"1V.Q"	"NS5"	429	"S"
			
"1V.O"	"clade"	"1V"	
"1V.O"	"NS4B"	56	"A"
			
"1V.I"	"clade"	"1V"	
"1V.I"	"E"	338	"L"
"1V.I"	"NS4A"	99	"G"
			
"1V.R"	"clade"	"1V"	
"1V.R"	"NS2A"	213	"E"
"1V.R"	"NS4A"	89	"M"
"1V.R"	"NS5"	435	"Y"
"1V.R"	"NS5"	789	"V"
			
"1V.N"	"clade"	"1V"	
"1V.N"	"NS4B"	60	"A"
"1V.N"	"NS5"	387	"S"
"1V.N"	"NS5"	649	"H"
			
"1V.L"	"clade"	"1V"	
"1V.L"	"E"	394	"K"
"1V.L"	"NS4B"	26	"V"
			
"1V.K"	"clade"	"1V"	
"1V.K"	"NS2A"	171	"A"
"1V.K"	"NS2B"	73	"S"
"1V.K"	"NS5"	195	"R"
			
"1V.S"	"clade"	"1V"	
"1V.S"	"E"	394	"R"
"1V.S"	"E"	384	"G"
"1V.S"	"E"	394	"K"
"1V.S"	"NS5"	784	"I"
			
"1V.M"	"clade"	"1V"	
"1V.M"	"M"	153	"V"
"1V.M"	"NS5"	253	"K"
"1V.M"	"NS5"	295	"D"
"1V.M"	"NS5"	195	"R"
"1V.M"	"NS5"	311	"R"
			
"1V.H"	"clade"	"1V"	
"1V.H"	"C"	93	"S"
"1V.H"	"NS3"	349	"H"
"1V.H"	"NS5"	364	"K"
			
"1I.C.2"	"clade"	"1I.C"	
"1I.C.2"	"NS5"	640	"G"
"1I.C.2"	"E"	170	"S"
			
"1I.C.3"	"clade"	"1I.C"	
"1I.C.3"	"NS5"	566	"A"
"1I.C.3"	"NS5"	833	"E"
			
"1I.C.1"	"clade"	"1I.C"	
"1I.C.1"	"C"	100	"K"
"1I.C.1"	"NS1"	117	"N"
"1I.C.1"	"NS2A"	152	"M"
"1I.C.1"	"NS3"	12	"K"
"1I.C.1"	"NS3"	217	"M"
"1I.C.1"	"NS5"	631	"N"
			
"1I.C.7"	"clade"	"1I.C"	
"1I.C.7"	"C"	94	"T"
"1I.C.7"	"E"	379	"I"
"1I.C.7"	"M"	59	"T"
"1I.C.7"	"pr"	59	"T"
			
"1I.C.8"	"clade"	"1I.C"	
"1I.C.8"	"NS3"	14	"G"
			
"1I.C.10"	"clade"	"1I.C"	
"1I.C.10"	"NS5"	39	"T"
"1I.C.10"	"NS5"	265	"V"
"1I.C.10"	"NS5"	525	"S"
"1I.C.10"	"NS5"	833	"E"
			
"1I.C.5"	"clade"	"1I.C"	
"1I.C.5"	"M"	59	"T"
"1I.C.5"	"NS3"	112	"T"
"1I.C.5"	"pr"	59	"T"
			
"1I.C.4"	"clade"	"1I.C"	
"1I.C.4"	"E"	475	"F"
"1I.C.4"	"NS5"	135	"V"
			
"1I.C.6"	"clade"	"1I.C"	
"1I.C.6"	"NS2A"	118	"T"
"1I.C.6"	"NS5"	867	"Y"
			
"1III.A.4"	"clade"	"1III.A"	
"1III.A.4"	"M"	31	"I"
"1III.A.4"	"NS3"	88	"L"
"1III.A.4"	"NS5"	400	"K"
"1III.A.4"	"pr"	31	"I"
			
"1III.A.6"	"clade"	"1III.A"	
"1III.A.6"	"E"	297	"M"
"1III.A.6"	"NS3"	117	"R"
			
"1III.A.5"	"clade"	"1III.A"	
"1III.A.5"	"NS1"	93	"V"
"1III.A.5"	"NS1"	94	"H"
"1III.A.5"	"NS1"	86	"L"
"1III.A.5"	"NS2B"	33	"V"
"1III.A.5"	"NS5"	647	"G"
			
"1V.D"	"clade"	"1V"	
"1V.D"	"M"	17	"H"
"1V.D"	"NS2A"	91	"I"
"1V.D"	"NS5"	23	"P"
"1V.D"	"pr"	17	"H"
			
"1V.A.1"	"clade"	"1V.A"	
"1V.A.1"	"NS1"	93	"V"
"1V.A.1"	"NS1"	242	"V"
"1V.A.1"	"NS2A"	106	"V"
"1V.A.1"	"NS3"	171	"T"
"1V.A.1"	"NS3"	437	"E"
"1V.A.1"	"NS4B"	20	"V"
"1V.A.1"	"NS5"	641	"K"
			
"1IV.B"	"clade"	"1IV"	
"1IV.B"	"NS5"	649	"Y"
			
"1IV.A"	"clade"	"1IV"	
"1IV.A"	"NS3"	474	"V"
			
"1V.T.11"	"clade"	"1V.T"	
"1V.T.11"	"NS2A"	24	"K"
			
"1V.T.4"	"clade"	"1V.T"	
"1V.T.4"	"NS5"	629	"S"
			
"1V.T.10"	"clade"	"1V.T"	
"1V.T.10"	"NS5"	649	"H"
			
"1V.T.1"	"clade"	"1V.T"	
"1V.T.1"	"E"	339	"I"
			
"1V.T.7"	"clade"	"1V.T"	
"1V.T.7"	"E"	345	"E"
"1V.T.7"	"NS2A"	68	"I"
			
"1V.T.3"	"clade"	"1V.T"	
"1V.T.3"	"NS5"	640	"K"
			
"1V.T.9"	"clade"	"1V.T"	
"1V.T.9"	"NS5"	414	"N"
			
"1V.T.8"	"clade"	"1V.T"	
"1V.T.8"	"NS5"	647	"K"
			
"1V.T.2"	"clade"	"1V.T"	
"1V.T.2"	"NS2A"	54	"V"
"1V.T.2"	"NS5"	26	"S"
			
"1V.T.6"	"clade"	"1V.T"	
"1V.T.6"	"NS2A"	19	"T"
"1V.T.6"	"NS4A"	45	"I"
			
"1V.T.5"	"clade"	"1V.T"	
"1V.T.5"	"NS5"	503	"F"
			
"1V.J.2"	"clade"	"1V.J"	
"1V.J.2"	"NS3"	33	"K"
"1V.J.2"	"NS3"	443	"V"
			
"1V.J.1"	"clade"	"1V.J"	
"1V.J.1"	"NS5"	629	"S"
			
"1V.P"	"clade"	"1V"	
"1V.P"	"E"	394	"K"
"1V.P"	"M"	39	"I"
"1V.P"	"pr"	39	"I"
			
"1V.G.3"	"clade"	"1V.G"	
"1V.G.3"	"NS1"	131	"A"
"1V.G.3"	"NS2B"	56	"T"
"1V.G.3"	"NS4A"	99	"N"
"1V.G.3"	"NS5"	414	"N"
			
"1V.G.1"	"clade"	"1V.G"	
"1V.G.1"	"M"	138	"F"
"1V.G.1"	"NS3"	91	"M"
"1V.G.1"	"NS3"	350	"E"
"1V.G.1"	"NS3"	377	"K"
"1V.G.1"	"NS4B"	179	"I"
"1V.G.1"	"NS5"	607	"S"
			
"1V.G.2"	"clade"	"1V.G"	
"1V.G.2"	"NS1"	117	"R"
"1V.G.2"	"NS5"	457	"S"
"1V.G.2"	"NS5"	458	"L"
"1V.G.2"	"NS5"	414	"N"
			
"1V.O.1"	"clade"	"1V.O"	
"1V.O.1"	"NS2A"	168	"M"
			
"1V.R.1"	"clade"	"1V.R"	
"1V.R.1"	"NS3"	170	"T"
			
"1V.K.1"	"clade"	"1V.K"	
"1V.K.1"	"E"	55	"I"
"1V.K.1"	"E"	160	"I"
"1V.K.1"	"M"	138	"L"
"1V.K.1"	"NS3"	241	"V"
"1V.K.1"	"NS3"	323	"M"
"1V.K.1"	"NS3"	338	"K"
			
"1I.C.16"	"clade"	"1I.C"	
"1I.C.16"	"E"	225	"T"
"1I.C.16"	"E"	55	"I"
"1I.C.16"	"NS1"	60	"T"
			
"1I.C.17"	"clade"	"1I.C"	
"1I.C.17"	"NS5"	647	"K"
			
"1I.C.2.2"	"clade"	"1I.C.2"	
"1I.C.2.2"	"NS5"	640	"R"
			
"1I.C.2.1"	"clade"	"1I.C.2"	
"1I.C.2.1"	"E"	362	"D"
"1I.C.2.1"	"NS3"	474	"V"
			
"1I.C.3.2"	"clade"	"1I.C.3"	
"1I.C.3.2"	"NS2A"	34	"I"
"1I.C.3.2"	"NS2A"	114	"A"
"1I.C.3.2"	"NS5"	413	"I"
			
"1I.C.3.6"	"clade"	"1I.C.3"	
"1I.C.3.6"	"C"	90	"S"
"1I.C.3.6"	"NS4B"	27	"T"
"1I.C.3.6"	"NS5"	127	"Y"
"1I.C.3.6"	"NS5"	413	"I"
			
"1I.C.3.1"	"clade"	"1I.C.3"	
"1I.C.3.1"	"NS3"	443	"V"
			
"1I.C.3.5"	"clade"	"1I.C.3"	
"1I.C.3.5"	"NS2A"	168	"I"
"1I.C.3.5"	"NS5"	114	"V"
"1I.C.3.5"	"NS5"	824	"K"
			
"1I.C.3.4"	"clade"	"1I.C.3"	
"1I.C.3.4"	"NS3"	462	"V"
"1I.C.3.4"	"NS5"	370	"T"
			
"1I.C.3.3"	"clade"	"1I.C.3"	
"1I.C.3.3"	"E"	227	"T"
"1I.C.3.3"	"NS2A"	48	"V"
			
"1I.C.11"	"clade"	"1I.C"	
"1I.C.11"	"NS1"	213	"T"
"1I.C.11"	"NS5"	199	"R"
			
"1I.C.1.1"	"clade"	"1I.C.1"	
"1I.C.1.1"	"E"	382	"V"
			
"1I.C.7.2"	"clade"	"1I.C.7"	
"1I.C.7.2"	"NS1"	175	"H"
"1I.C.7.2"	"NS5"	892	"G"
			
"1I.C.7.1"	"clade"	"1I.C.7"	
"1I.C.7.1"	"M"	143	"V"
			
"1I.C.15"	"clade"	"1I.C"	
"1I.C.15"	"NS2A"	84	"G"
"1I.C.15"	"NS5"	854	"T"
			
"1I.C.12"	"clade"	"1I.C"	
"1I.C.12"	"E"	432	"A"
			
"1I.C.13"	"clade"	"1I.C"	
"1I.C.13"	"C"	105	"F"
"1I.C.13"	"NS3"	169	"R"
			
"1I.C.10.1"	"clade"	"1I.C.10"	
"1I.C.10.1"	"NS1"	89	"I"
"1I.C.10.1"	"NS5"	643	"F"
			
"1I.C.14"	"clade"	"1I.C"	
"1I.C.14"	"NS1"	94	"T"
"1I.C.14"	"NS4A"	45	"V"
"1I.C.14"	"NS4B"	20	"A"
			
"1I.C.4.1"	"clade"	"1I.C.4"	
"1I.C.4.1"	"NS1"	116	"R"
"1I.C.4.1"	"NS5"	50	"I"
			
"1III.A.7"	"clade"	"1III.A"	
"1III.A.7"	"NS3"	325	"S"
			
"1III.A.4.2"	"clade"	"1III.A.4"	
"1III.A.4.2"	"NS4A"	97	"T"
"1III.A.4.2"	"NS5"	400	"R"
			
"1III.A.4.1"	"clade"	"1III.A.4"	
"1III.A.4.1"	"E"	382	"V"
			
"1III.A.1"	"clade"	"1III.A"	
"1III.A.1"	"E"	428	"M"
"1III.A.1"	"NS3"	349	"H"
"1III.A.1"	"NS5"	181	"V"
"1III.A.1"	"NS5"	559	"Q"
			
"1III.A.2"	"clade"	"1III.A"	
"1III.A.2"	"NS3"	255	"R"
			
"1III.A.3"	"clade"	"1III.A"	
"1III.A.3"	"NS3"	346	"S"
			
"1I.B.1"	"clade"	"1I.B"	
"1I.B.1"	"2K"	17	"I"
			
"1V.F"	"clade"	"1V"	
"1V.F"	"NS2A"	44	"V"
"1V.F"	"NS5"	554	"E"
			
"1V.E"	"clade"	"1V"	
"1V.E"	"NS5"	27	"I"
"1V.E"	"NS5"	200	"Y"
			
"1V.D.1"	"clade"	"1V.D"	
"1V.D.1"	"M"	29	"T"
"1V.D.1"	"pr"	29	"T"
			
"1V.A.1.2"	"clade"	"1V.A.1"	
"1V.A.1.2"	"NS2A"	213	"T"
"1V.A.1.2"	"NS5"	413	"I"
"1V.A.1.2"	"NS5"	630	"S"
			
"1V.T.11.2"	"clade"	"1V.T.11"	
"1V.T.11.2"	"NS5"	644	"N"
			
"1V.T.11.5"	"clade"	"1V.T.11"	
"1V.T.11.5"	"C"	46	"M"
"1V.T.11.5"	"NS5"	34	"T"
			
"1V.T.11.6"	"clade"	"1V.T.11"	
"1V.T.11.6"	"E"	363	"R"
"1V.T.11.6"	"NS2B"	102	"A"
"1V.T.11.6"	"NS3"	43	"G"
			
"1V.T.11.4"	"clade"	"1V.T.11"	
"1V.T.11.4"	"E"	428	"L"
"1V.T.11.4"	"NS2A"	15	"M"
"1V.T.11.4"	"NS3"	146	"V"
"1V.T.11.4"	"NS3"	170	"T"
"1V.T.11.4"	"NS5"	648	"R"
"1V.T.11.4"	"NS5"	34	"T"
			
"1V.T.11.3"	"clade"	"1V.T.11"	
"1V.T.11.3"	"E"	394	"K"
"1V.T.11.3"	"NS5"	195	"Q"
			
"1V.T.11.1"	"clade"	"1V.T.11"	
"1V.T.11.1"	"E"	394	"K"
"1V.T.11.1"	"NS5"	891	"G"
			
"1V.T.11.7"	"clade"	"1V.T.11"	
"1V.T.11.7"	"NS2B"	120	"L"
			
"1V.T.11.8"	"clade"	"1V.T.11"	
"1V.T.11.8"	"NS5"	828	"Q"
			
"1V.T.1.1"	"clade"	"1V.T.1"	
"1V.T.1.1"	"M"	57	"I"
"1V.T.1.1"	"pr"	57	"I"
			
"1V.G.3.1"	"clade"	"1V.G.3"	
"1V.G.3.1"	"NS2A"	93	"L"
			
"1V.G.1.1"	"clade"	"1V.G.1"	
"1V.G.1.1"	"C"	13	"P"
"1V.G.1.1"	"C"	82	"Q"
"1V.G.1.1"	"NS2B"	22	"F"
"1V.G.1.1"	"NS5"	629	"I"
			
"1I.C.16.1"	"clade"	"1I.C.16"	
"1I.C.16.1"	"E"	96	"L"
"1I.C.16.1"	"NS5"	399	"I"
			
"1I.C.3.6.2"	"clade"	"1I.C.3.6"	
"1I.C.3.6.2"	"C"	103	"A"
"1I.C.3.6.2"	"E"	52	"D"
"1I.C.3.6.2"	"NS2B"	127	"R"
"1I.C.3.6.2"	"NS5"	640	"K"
			
"1I.C.3.5.1"	"clade"	"1I.C.3.5"	
"1I.C.3.5.1"	"E"	436	"I"
"1I.C.3.5.1"	"NS2A"	163	"C"
			
"1I.C.11.2"	"clade"	"1I.C.11"	
"1I.C.11.2"	"NS1"	111	"H"
"1I.C.11.2"	"NS5"	130	"R"
"1I.C.11.2"	"NS5"	382	"A"
			
"1I.C.11.1"	"clade"	"1I.C.11"	
"1I.C.11.1"	"NS1"	246	"V"
"1I.C.11.1"	"NS3"	323	"M"
"1I.C.11.1"	"NS5"	642	"A"
"1I.C.11.1"	"NS5"	647	"G"
			
"1I.C.15.1"	"clade"	"1I.C.15"	
"1I.C.15.1"	"NS2B"	102	"A"
			
"1I.C.9"	"clade"	"1I.C"	
"1I.C.9"	"NS3"	140	"M"
"1I.C.9"	"NS5"	374	"G"
"1I.C.9"	"NS5"	879	"Q"
			
"1I.C.8.1"	"clade"	"1I.C"	
"1I.C.8.1"	"NS5"	583	"T"
"1I.C.8.1"	"NS5"	669	"V"
			
"1V.F.1"	"clade"	"1V.F"	
"1V.F.1"	"NS5"	192	"A"
			
"1V.A.1.1"	"clade"	"1V.A.1"	
"1V.A.1.1"	"E"	180	"T"
			
"1I.C.A.2"	"clade"	"1I.C.3.6.2"	
"1I.C.A.2"	"M"	28	"L"
"1I.C.A.2"	"pr"	28	"L"
			
"1I.C.A.1"	"clade"	"1I.C.3.6.2"	
"1I.C.A.1"	"NS5"	629	"L"
"1I.C.A.1"	"NS5"	436	"K"
			
"1I.C.3.6.1"	"clade"	"1I.C.3.6"	
"1I.C.3.6.1"	"NS2B"	44	"M"
